id,event_type,employee_id,message,details,timestamp,original_employee_id,location_id,location_name,export_timestamp
1,system_startup,,Database setup completed successfully,"{""config_env"": ""default"", ""database_url"": ""sqlite:///stes.db"", ""timestamp"": ""2025-07-12T14:46:20.182275""}",2025-07-12 21:46:20.192363,,1.0,Main Office,2025-08-08T12:00:22.605854
2,system_startup,,Database setup completed successfully,"{""config_env"": ""default"", ""database_url"": ""sqlite:///stes.db"", ""timestamp"": ""2025-07-12T14:46:42.402781""}",2025-07-12 21:46:42.415362,,1.0,Main Office,2025-08-08T12:00:22.605854
3,system_startup,,Database setup completed successfully,"{""config_env"": ""default"", ""database_url"": ""sqlite:///stes.db"", ""timestamp"": ""2025-07-12T14:47:16.282076""}",2025-07-12 21:47:16.291974,,1.0,Main Office,2025-08-08T12:00:22.605854
4,system_startup,,Database setup completed successfully,"{""config_env"": ""default"", ""database_url"": ""sqlite:///stes.db"", ""timestamp"": ""2025-07-12T14:47:46.657389""}",2025-07-12 21:47:46.667137,,1.0,Main Office,2025-08-08T12:00:22.605854
5,system_startup,,Database setup completed successfully,"{""config_env"": ""default"", ""database_url"": ""sqlite:///stes.db"", ""timestamp"": ""2025-07-12T14:48:04.799173""}",2025-07-12 21:48:04.808083,,1.0,Main Office,2025-08-08T12:00:22.605854
6,system_startup,,System started successfully,"{""timestamp"": ""2025-07-12T14:48:39.738141"", ""source"": ""sample_data_generator""}",2025-07-12 21:48:39.740012,,1.0,Main Office,2025-08-08T12:00:22.605854
7,face_detected,,Face detected in video stream,"{""timestamp"": ""2025-07-12T14:48:39.748967"", ""source"": ""sample_data_generator""}",2025-07-12 21:48:39.749820,,1.0,Main Office,2025-08-08T12:00:22.605854
8,employee_registered,,New employee registered,"{""timestamp"": ""2025-07-12T14:48:39.757034"", ""source"": ""sample_data_generator""}",2025-07-12 21:48:39.757552,,1.0,Main Office,2025-08-08T12:00:22.605854
9,clock_in,,Employee clocked in,"{""timestamp"": ""2025-07-12T14:48:39.763840"", ""source"": ""sample_data_generator""}",2025-07-12 21:48:39.764293,,1.0,Main Office,2025-08-08T12:00:22.605854
10,clock_out,,Employee clocked out,"{""timestamp"": ""2025-07-12T14:48:39.771459"", ""source"": ""sample_data_generator""}",2025-07-12 21:48:39.771991,,1.0,Main Office,2025-08-08T12:00:22.605854
11,error,,Camera connection lost,"{""timestamp"": ""2025-07-12T14:48:39.779773"", ""source"": ""sample_data_generator""}",2025-07-12 21:48:39.780411,,1.0,Main Office,2025-08-08T12:00:22.605854
12,system_shutdown,,System shutdown initiated,"{""timestamp"": ""2025-07-12T14:48:39.788834"", ""source"": ""sample_data_generator""}",2025-07-12 21:48:39.789628,,1.0,Main Office,2025-08-08T12:00:22.605854
13,system_startup,,Database setup completed successfully,"{""config_env"": ""default"", ""database_url"": ""sqlite:///stes.db"", ""timestamp"": ""2025-07-13T13:05:06.383396""}",2025-07-13 20:05:06.388614,,1.0,Main Office,2025-08-08T12:00:22.605854
14,system_startup,,Database setup completed successfully,"{""config_env"": ""default"", ""database_url"": ""sqlite:///stes.db"", ""timestamp"": ""2025-07-13T13:05:22.035946""}",2025-07-13 20:05:22.040307,,1.0,Main Office,2025-08-08T12:00:22.605854
15,system_startup,,Database setup completed successfully,"{""config_env"": ""default"", ""database_url"": ""sqlite:///stes.db"", ""timestamp"": ""2025-07-13T13:06:11.885048""}",2025-07-13 20:06:11.890444,,1.0,Main Office,2025-08-08T12:00:22.605854
16,system_startup,,Database setup completed successfully,"{""config_env"": ""default"", ""database_url"": ""sqlite:///stes.db"", ""timestamp"": ""2025-07-13T13:06:31.336348""}",2025-07-13 20:06:31.341449,,1.0,Main Office,2025-08-08T12:00:22.605854
17,system_startup,,System started successfully,"{""timestamp"": ""2025-07-13T13:06:32.226165"", ""source"": ""sample_data_generator""}",2025-07-13 20:06:32.229058,,1.0,Main Office,2025-08-08T12:00:22.605854
18,face_detected,,Face detected in video stream,"{""timestamp"": ""2025-07-13T13:06:32.238180"", ""source"": ""sample_data_generator""}",2025-07-13 20:06:32.238693,,1.0,Main Office,2025-08-08T12:00:22.605854
19,employee_registered,,New employee registered,"{""timestamp"": ""2025-07-13T13:06:32.245939"", ""source"": ""sample_data_generator""}",2025-07-13 20:06:32.246202,,1.0,Main Office,2025-08-08T12:00:22.605854
20,clock_in,,Employee clocked in,"{""timestamp"": ""2025-07-13T13:06:32.250804"", ""source"": ""sample_data_generator""}",2025-07-13 20:06:32.251168,,1.0,Main Office,2025-08-08T12:00:22.605854
21,clock_out,,Employee clocked out,"{""timestamp"": ""2025-07-13T13:06:32.255870"", ""source"": ""sample_data_generator""}",2025-07-13 20:06:32.256079,,1.0,Main Office,2025-08-08T12:00:22.605854
22,error,,Camera connection lost,"{""timestamp"": ""2025-07-13T13:06:32.262475"", ""source"": ""sample_data_generator""}",2025-07-13 20:06:32.262788,,1.0,Main Office,2025-08-08T12:00:22.605854
23,system_shutdown,,System shutdown initiated,"{""timestamp"": ""2025-07-13T13:06:32.267280"", ""source"": ""sample_data_generator""}",2025-07-13 20:06:32.267508,,1.0,Main Office,2025-08-08T12:00:22.605854
24,system_startup,,System started successfully,"{""timestamp"": ""2025-07-13T13:09:57.881065"", ""source"": ""sample_data_generator""}",2025-07-13 20:09:57.882787,,1.0,Main Office,2025-08-08T12:00:22.605854
25,face_detected,,Face detected in video stream,"{""timestamp"": ""2025-07-13T13:09:57.895817"", ""source"": ""sample_data_generator""}",2025-07-13 20:09:57.896605,,1.0,Main Office,2025-08-08T12:00:22.605854
26,employee_registered,,New employee registered,"{""timestamp"": ""2025-07-13T13:09:57.905784"", ""source"": ""sample_data_generator""}",2025-07-13 20:09:57.906437,,1.0,Main Office,2025-08-08T12:00:22.605854
27,clock_in,,Employee clocked in,"{""timestamp"": ""2025-07-13T13:09:57.914343"", ""source"": ""sample_data_generator""}",2025-07-13 20:09:57.915074,,1.0,Main Office,2025-08-08T12:00:22.605854
28,clock_out,,Employee clocked out,"{""timestamp"": ""2025-07-13T13:09:57.927757"", ""source"": ""sample_data_generator""}",2025-07-13 20:09:57.928436,,1.0,Main Office,2025-08-08T12:00:22.605854
29,error,,Camera connection lost,"{""timestamp"": ""2025-07-13T13:09:57.935390"", ""source"": ""sample_data_generator""}",2025-07-13 20:09:57.935976,,1.0,Main Office,2025-08-08T12:00:22.605854
30,system_shutdown,,System shutdown initiated,"{""timestamp"": ""2025-07-13T13:09:57.943333"", ""source"": ""sample_data_generator""}",2025-07-13 20:09:57.943928,,1.0,Main Office,2025-08-08T12:00:22.605854
31,clock_in,9.0,Demo User clocked in,"{""timestamp"": ""2025-07-13T23:31:02.607214"", ""time_log_id"": 60}",2025-07-14 06:31:02.641811,9.0,3.0,West Coast Office,2025-08-08T12:00:22.605854
32,clock_in,9.0,Demo User clocked in,"{""timestamp"": ""2025-07-13T23:31:20.141544"", ""time_log_id"": 61}",2025-07-14 06:31:20.161246,9.0,3.0,West Coast Office,2025-08-08T12:00:22.605854
33,clock_in,9.0,Demo User clocked in,"{""timestamp"": ""2025-07-13T23:32:09.320148"", ""time_log_id"": 62}",2025-07-14 06:32:09.336122,9.0,3.0,West Coast Office,2025-08-08T12:00:22.605854
34,clock_in,9.0,Demo User clocked in,"{""timestamp"": ""2025-07-14T08:18:56.367695"", ""time_log_id"": 63}",2025-07-14 15:18:56.391564,9.0,3.0,West Coast Office,2025-08-08T12:00:22.605854
35,clock_in,9.0,Demo User clocked in,"{""timestamp"": ""2025-07-14T08:19:07.909363"", ""time_log_id"": 64}",2025-07-14 15:19:07.938238,9.0,3.0,West Coast Office,2025-08-08T12:00:22.605854
36,clock_in,9.0,Demo User clocked in,"{""timestamp"": ""2025-07-14T08:19:38.936166"", ""time_log_id"": 65}",2025-07-14 15:19:38.952542,9.0,3.0,West Coast Office,2025-08-08T12:00:22.605854
37,clock_in,9.0,Demo User clocked in,"{""timestamp"": ""2025-07-14T08:19:49.528944"", ""time_log_id"": 66}",2025-07-14 15:19:49.549505,9.0,3.0,West Coast Office,2025-08-08T12:00:22.605854
38,clock_in,9.0,Demo User clocked in,"{""timestamp"": ""2025-07-14T08:21:50.197553"", ""time_log_id"": 67}",2025-07-14 15:21:50.217590,9.0,3.0,West Coast Office,2025-08-08T12:00:22.605854
39,clock_in,9.0,Arnav Mehta clocked in,"{""timestamp"": ""2025-07-14T08:41:01.172719"", ""time_log_id"": 68}",2025-07-14 15:41:01.189984,9.0,3.0,West Coast Office,2025-08-08T12:00:22.605854
40,clock_in,9.0,Arnav Mehta clocked in,"{""timestamp"": ""2025-07-14T08:41:12.361132"", ""time_log_id"": 69}",2025-07-14 15:41:12.385277,9.0,3.0,West Coast Office,2025-08-08T12:00:22.605854
41,clock_in,9.0,Arnav Mehta clocked in,"{""timestamp"": ""2025-07-14T08:41:25.079133"", ""time_log_id"": 70}",2025-07-14 15:41:25.095688,9.0,3.0,West Coast Office,2025-08-08T12:00:22.605854
42,clock_in,9.0,Arnav Mehta clocked in,"{""timestamp"": ""2025-07-14T08:42:12.147969"", ""time_log_id"": 71}",2025-07-14 15:42:12.200922,9.0,3.0,West Coast Office,2025-08-08T12:00:22.605854
43,clock_in,9.0,Arnav Mehta clocked in,"{""timestamp"": ""2025-07-15T10:15:35.815651"", ""time_log_id"": 36}",2025-07-15 17:15:35.837077,9.0,3.0,West Coast Office,2025-08-08T12:00:22.605854
44,clock_out,9.0,Arnav Mehta clocked out,"{""timestamp"": ""2025-07-15T10:17:04.543387"", ""time_log_id"": 36, ""duration_hours"": ""0.02""}",2025-07-15 17:17:04.561422,9.0,3.0,West Coast Office,2025-08-08T12:00:22.605854
45,clock_in,9.0,Arnav Mehta clocked in,"{""timestamp"": ""2025-07-15T10:19:45.430929"", ""time_log_id"": 36}",2025-07-15 17:19:45.452260,9.0,3.0,West Coast Office,2025-08-08T12:00:22.605854
46,clock_out,9.0,Arnav Mehta clocked out,"{""timestamp"": ""2025-07-15T10:19:46.605902"", ""time_log_id"": 36, ""duration_hours"": ""0.00""}",2025-07-15 17:19:46.629674,9.0,3.0,West Coast Office,2025-08-08T12:00:22.605854
47,clock_in,9.0,Arnav Mehta clocked in,"{""timestamp"": ""2025-07-15T10:34:52.358479"", ""time_log_id"": 36}",2025-07-15 17:34:52.402290,9.0,3.0,West Coast Office,2025-08-08T12:00:22.605854
48,clock_out,9.0,Arnav Mehta clocked out,"{""timestamp"": ""2025-07-15T10:34:53.764597"", ""time_log_id"": 36, ""duration_hours"": ""0.00""}",2025-07-15 17:34:53.796851,9.0,3.0,West Coast Office,2025-08-08T12:00:22.605854
49,clock_in,9.0,Arnav Mehta clocked in,"{""timestamp"": ""2025-07-15T10:39:09.704379"", ""time_log_id"": 36}",2025-07-15 17:39:09.751088,9.0,3.0,West Coast Office,2025-08-08T12:00:22.605854
50,clock_out,9.0,Arnav Mehta clocked out,"{""timestamp"": ""2025-07-15T10:39:37.031856"", ""time_log_id"": 36, ""duration_hours"": ""0.01""}",2025-07-15 17:39:37.058983,9.0,3.0,West Coast Office,2025-08-08T12:00:22.605854
51,system_startup,,Database setup completed successfully,"{""config_env"": ""default"", ""database_url"": ""sqlite:///stes.db"", ""timestamp"": ""2025-07-31T11:41:27.947009""}",2025-07-31 18:41:27.951765,,1.0,Main Office,2025-08-08T12:00:22.605854
52,system_startup,,Database setup completed successfully,"{""config_env"": ""default"", ""database_url"": ""sqlite:///stes.db"", ""timestamp"": ""2025-07-31T11:53:16.343426""}",2025-07-31 18:53:16.347749,,1.0,Main Office,2025-08-08T12:00:22.605854
53,system_startup,,System started successfully,"{""timestamp"": ""2025-07-31T11:53:17.174949"", ""source"": ""sample_data_generator""}",2025-07-31 18:53:17.175775,,1.0,Main Office,2025-08-08T12:00:22.605854
54,face_detected,,Face detected in video stream,"{""timestamp"": ""2025-07-31T11:53:17.182837"", ""source"": ""sample_data_generator""}",2025-07-31 18:53:17.183176,,1.0,Main Office,2025-08-08T12:00:22.605854
55,employee_registered,,New employee registered,"{""timestamp"": ""2025-07-31T11:53:17.190379"", ""source"": ""sample_data_generator""}",2025-07-31 18:53:17.190772,,1.0,Main Office,2025-08-08T12:00:22.605854
56,clock_in,,Employee clocked in,"{""timestamp"": ""2025-07-31T11:53:17.198058"", ""source"": ""sample_data_generator""}",2025-07-31 18:53:17.198529,,1.0,Main Office,2025-08-08T12:00:22.605854
57,clock_out,,Employee clocked out,"{""timestamp"": ""2025-07-31T11:53:17.207198"", ""source"": ""sample_data_generator""}",2025-07-31 18:53:17.207391,,1.0,Main Office,2025-08-08T12:00:22.605854
58,error,,Camera connection lost,"{""timestamp"": ""2025-07-31T11:53:17.214285"", ""source"": ""sample_data_generator""}",2025-07-31 18:53:17.214713,,1.0,Main Office,2025-08-08T12:00:22.605854
59,system_shutdown,,System shutdown initiated,"{""timestamp"": ""2025-07-31T11:53:17.222788"", ""source"": ""sample_data_generator""}",2025-07-31 18:53:17.223270,,1.0,Main Office,2025-08-08T12:00:22.605854
60,system_startup,,Database setup completed successfully,"{""config_env"": ""default"", ""database_url"": ""sqlite:///stes.db"", ""timestamp"": ""2025-07-31T12:08:16.151386""}",2025-07-31 19:08:16.155843,,1.0,Main Office,2025-08-08T12:00:22.605854
61,system_startup,,System started successfully,"{""timestamp"": ""2025-07-31T12:08:16.687022"", ""source"": ""sample_data_generator""}",2025-07-31 19:08:16.687899,,1.0,Main Office,2025-08-08T12:00:22.605854
62,face_detected,,Face detected in video stream,"{""timestamp"": ""2025-07-31T12:08:16.697231"", ""source"": ""sample_data_generator""}",2025-07-31 19:08:16.697699,,1.0,Main Office,2025-08-08T12:00:22.605854
63,employee_registered,,New employee registered,"{""timestamp"": ""2025-07-31T12:08:16.705980"", ""source"": ""sample_data_generator""}",2025-07-31 19:08:16.706420,,1.0,Main Office,2025-08-08T12:00:22.605854
64,clock_in,,Employee clocked in,"{""timestamp"": ""2025-07-31T12:08:16.715039"", ""source"": ""sample_data_generator""}",2025-07-31 19:08:16.715453,,1.0,Main Office,2025-08-08T12:00:22.605854
65,clock_out,,Employee clocked out,"{""timestamp"": ""2025-07-31T12:08:16.724165"", ""source"": ""sample_data_generator""}",2025-07-31 19:08:16.724603,,1.0,Main Office,2025-08-08T12:00:22.605854
66,error,,Camera connection lost,"{""timestamp"": ""2025-07-31T12:08:16.732989"", ""source"": ""sample_data_generator""}",2025-07-31 19:08:16.733413,,1.0,Main Office,2025-08-08T12:00:22.605854
67,system_shutdown,,System shutdown initiated,"{""timestamp"": ""2025-07-31T12:08:16.742478"", ""source"": ""sample_data_generator""}",2025-07-31 19:08:16.742914,,1.0,Main Office,2025-08-08T12:00:22.605854
68,clock_in,9.0,Arnav Mehta clocked in,"{""timestamp"": ""2025-08-01T11:12:18.928482"", ""time_log_id"": 71}",2025-08-01 18:12:18.939332,9.0,3.0,West Coast Office,2025-08-08T12:00:22.605854
69,clock_out,9.0,Arnav Mehta clocked out,"{""timestamp"": ""2025-08-01T11:12:25.017928"", ""time_log_id"": 71, ""duration_hours"": ""0.00""}",2025-08-01 18:12:25.030312,9.0,3.0,West Coast Office,2025-08-08T12:00:22.605854
70,system_startup,,System started successfully,"{""timestamp"": ""2025-08-04T11:52:27.060784"", ""source"": ""sample_data_generator""}",2025-08-04 18:52:27.061528,,1.0,Main Office,2025-08-08T12:00:22.605854
71,face_detected,,Face detected in video stream,"{""timestamp"": ""2025-08-04T11:52:27.069035"", ""source"": ""sample_data_generator""}",2025-08-04 18:52:27.069389,,1.0,Main Office,2025-08-08T12:00:22.605854
72,employee_registered,,New employee registered,"{""timestamp"": ""2025-08-04T11:52:27.076407"", ""source"": ""sample_data_generator""}",2025-08-04 18:52:27.076729,,1.0,Main Office,2025-08-08T12:00:22.605854
73,clock_in,,Employee clocked in,"{""timestamp"": ""2025-08-04T11:52:27.083995"", ""source"": ""sample_data_generator""}",2025-08-04 18:52:27.084312,,1.0,Main Office,2025-08-08T12:00:22.605854
74,clock_out,,Employee clocked out,"{""timestamp"": ""2025-08-04T11:52:27.091356"", ""source"": ""sample_data_generator""}",2025-08-04 18:52:27.091666,,1.0,Main Office,2025-08-08T12:00:22.605854
75,error,,Camera connection lost,"{""timestamp"": ""2025-08-04T11:52:27.098848"", ""source"": ""sample_data_generator""}",2025-08-04 18:52:27.099180,,1.0,Main Office,2025-08-08T12:00:22.605854
76,system_shutdown,,System shutdown initiated,"{""timestamp"": ""2025-08-04T11:52:27.107272"", ""source"": ""sample_data_generator""}",2025-08-04 18:52:27.107622,,1.0,Main Office,2025-08-08T12:00:22.605854
77,clock_in,,Employee clocked in successfully,"{""timestamp"": ""2025-08-04T11:53:31.900902"", ""source"": ""test_data_generator""}",2025-08-04 18:53:31.901754,,1.0,Main Office,2025-08-08T12:00:22.605854
78,clock_out,,Employee clocked out successfully,"{""timestamp"": ""2025-08-04T11:53:31.908844"", ""source"": ""test_data_generator""}",2025-08-04 18:53:31.909131,,1.0,Main Office,2025-08-08T12:00:22.605854
79,face_detected,,Face detected in video stream,"{""timestamp"": ""2025-08-04T11:53:31.916462"", ""source"": ""test_data_generator""}",2025-08-04 18:53:31.916806,,1.0,Main Office,2025-08-08T12:00:22.605854
80,employee_registered,,New employee registered,"{""timestamp"": ""2025-08-04T11:53:31.923852"", ""source"": ""test_data_generator""}",2025-08-04 18:53:31.924185,,1.0,Main Office,2025-08-08T12:00:22.605854
81,system_startup,,STES system started,"{""timestamp"": ""2025-08-04T11:53:31.931499"", ""source"": ""test_data_generator""}",2025-08-04 18:53:31.932507,,1.0,Main Office,2025-08-08T12:00:22.605854
82,error,,Camera connection issue resolved,"{""timestamp"": ""2025-08-04T11:53:31.940592"", ""source"": ""test_data_generator""}",2025-08-04 18:53:31.940896,,1.0,Main Office,2025-08-08T12:00:22.605854
83,employee_registered,10.0,New employee Sarah Chen registered successfully,"{""timestamp"": ""2025-08-04T11:57:38.933332"", ""department"": ""Marketing"", ""source"": ""new_employee_script""}",2025-08-04 18:57:38.934146,10.0,1.0,Main Office,2025-08-08T12:00:22.605854
84,clock_in,10.0,Sarah Chen clocked in,"{""timestamp"": ""2025-08-04T11:57:38.941219"", ""source"": ""new_employee_script""}",2025-08-04 18:57:38.941496,10.0,1.0,Main Office,2025-08-08T12:00:22.605854
85,clock_out,10.0,Sarah Chen clocked out,"{""timestamp"": ""2025-08-04T11:57:38.948538"", ""source"": ""new_employee_script""}",2025-08-04 18:57:38.948810,10.0,1.0,Main Office,2025-08-08T12:00:22.605854
86,clock_in,10.0,Sarah Chen clocked in,"{""timestamp"": ""2025-08-04T11:57:38.955654"", ""source"": ""new_employee_script""}",2025-08-04 18:57:38.955939,10.0,1.0,Main Office,2025-08-08T12:00:22.605854
87,clock_out,10.0,Sarah Chen clocked out,"{""timestamp"": ""2025-08-04T11:57:38.962855"", ""source"": ""new_employee_script""}",2025-08-04 18:57:38.963139,10.0,1.0,Main Office,2025-08-08T12:00:22.605854
88,clock_in,10.0,Sarah Chen clocked in,"{""timestamp"": ""2025-08-04T11:57:38.970184"", ""source"": ""new_employee_script""}",2025-08-04 18:57:38.970439,10.0,1.0,Main Office,2025-08-08T12:00:22.605854
89,clock_out,10.0,Sarah Chen clocked out,"{""timestamp"": ""2025-08-04T11:57:38.977495"", ""source"": ""new_employee_script""}",2025-08-04 18:57:38.977821,10.0,1.0,Main Office,2025-08-08T12:00:22.605854
90,clock_in,10.0,Sarah Chen clocked in,"{""timestamp"": ""2025-08-04T11:57:38.984717"", ""source"": ""new_employee_script""}",2025-08-04 18:57:38.984964,10.0,1.0,Main Office,2025-08-08T12:00:22.605854
91,clock_out,10.0,Sarah Chen clocked out,"{""timestamp"": ""2025-08-04T11:57:38.991840"", ""source"": ""new_employee_script""}",2025-08-04 18:57:38.992124,10.0,1.0,Main Office,2025-08-08T12:00:22.605854
92,clock_in,10.0,Sarah Chen clocked in,"{""timestamp"": ""2025-08-04T11:57:38.999340"", ""source"": ""new_employee_script""}",2025-08-04 18:57:38.999608,10.0,1.0,Main Office,2025-08-08T12:00:22.605854
93,clock_out,10.0,Sarah Chen clocked out,"{""timestamp"": ""2025-08-04T11:57:39.006523"", ""source"": ""new_employee_script""}",2025-08-04 18:57:39.006793,10.0,1.0,Main Office,2025-08-08T12:00:22.605854
94,clock_in,10.0,Sarah Chen clocked in,"{""timestamp"": ""2025-08-04T11:57:39.014128"", ""source"": ""new_employee_script""}",2025-08-04 18:57:39.014408,10.0,1.0,Main Office,2025-08-08T12:00:22.605854
95,clock_out,10.0,Sarah Chen clocked out,"{""timestamp"": ""2025-08-04T11:57:39.021261"", ""source"": ""new_employee_script""}",2025-08-04 18:57:39.021581,10.0,1.0,Main Office,2025-08-08T12:00:22.605854
96,employee_registered,11.0,New employee Michael Rodriguez registered successfully,"{""timestamp"": ""2025-08-04T11:57:39.028725"", ""department"": ""Engineering"", ""source"": ""new_employee_script""}",2025-08-04 18:57:39.029002,11.0,3.0,West Coast Office,2025-08-08T12:00:22.605854
97,clock_in,11.0,Michael Rodriguez clocked in,"{""timestamp"": ""2025-08-04T11:57:39.035750"", ""source"": ""new_employee_script""}",2025-08-04 18:57:39.036003,11.0,3.0,West Coast Office,2025-08-08T12:00:22.605854
98,clock_out,11.0,Michael Rodriguez clocked out,"{""timestamp"": ""2025-08-04T11:57:39.046259"", ""source"": ""new_employee_script""}",2025-08-04 18:57:39.046539,11.0,3.0,West Coast Office,2025-08-08T12:00:22.605854
99,clock_in,11.0,Michael Rodriguez clocked in,"{""timestamp"": ""2025-08-04T11:57:39.053407"", ""source"": ""new_employee_script""}",2025-08-04 18:57:39.053666,11.0,3.0,West Coast Office,2025-08-08T12:00:22.605854
100,clock_out,11.0,Michael Rodriguez clocked out,"{""timestamp"": ""2025-08-04T11:57:39.060767"", ""source"": ""new_employee_script""}",2025-08-04 18:57:39.061084,11.0,3.0,West Coast Office,2025-08-08T12:00:22.605854
101,clock_in,11.0,Michael Rodriguez clocked in,"{""timestamp"": ""2025-08-04T11:57:39.068241"", ""source"": ""new_employee_script""}",2025-08-04 18:57:39.068527,11.0,3.0,West Coast Office,2025-08-08T12:00:22.605854
102,clock_out,11.0,Michael Rodriguez clocked out,"{""timestamp"": ""2025-08-04T11:57:39.075344"", ""source"": ""new_employee_script""}",2025-08-04 18:57:39.075622,11.0,3.0,West Coast Office,2025-08-08T12:00:22.605854
103,clock_in,11.0,Michael Rodriguez clocked in,"{""timestamp"": ""2025-08-04T11:57:39.082538"", ""source"": ""new_employee_script""}",2025-08-04 18:57:39.082812,11.0,3.0,West Coast Office,2025-08-08T12:00:22.605854
104,clock_out,11.0,Michael Rodriguez clocked out,"{""timestamp"": ""2025-08-04T11:57:39.089693"", ""source"": ""new_employee_script""}",2025-08-04 18:57:39.089989,11.0,3.0,West Coast Office,2025-08-08T12:00:22.605854
105,clock_in,11.0,Michael Rodriguez clocked in,"{""timestamp"": ""2025-08-04T11:57:39.096775"", ""source"": ""new_employee_script""}",2025-08-04 18:57:39.097047,11.0,3.0,West Coast Office,2025-08-08T12:00:22.605854
106,clock_out,11.0,Michael Rodriguez clocked out,"{""timestamp"": ""2025-08-04T11:57:39.104055"", ""source"": ""new_employee_script""}",2025-08-04 18:57:39.104309,11.0,3.0,West Coast Office,2025-08-08T12:00:22.605854
107,employee_registered,12.0,New employee Lisa Thompson registered successfully,"{""timestamp"": ""2025-08-04T11:57:39.111142"", ""department"": ""Sales"", ""source"": ""new_employee_script""}",2025-08-04 18:57:39.111429,12.0,3.0,West Coast Office,2025-08-08T12:00:22.605854
108,clock_in,12.0,Lisa Thompson clocked in,"{""timestamp"": ""2025-08-04T11:57:39.118522"", ""source"": ""new_employee_script""}",2025-08-04 18:57:39.118785,12.0,3.0,West Coast Office,2025-08-08T12:00:22.605854
109,clock_out,12.0,Lisa Thompson clocked out,"{""timestamp"": ""2025-08-04T11:57:39.125787"", ""source"": ""new_employee_script""}",2025-08-04 18:57:39.126084,12.0,3.0,West Coast Office,2025-08-08T12:00:22.605854
110,clock_in,12.0,Lisa Thompson clocked in,"{""timestamp"": ""2025-08-04T11:57:39.133144"", ""source"": ""new_employee_script""}",2025-08-04 18:57:39.133397,12.0,3.0,West Coast Office,2025-08-08T12:00:22.605854
111,clock_out,12.0,Lisa Thompson clocked out,"{""timestamp"": ""2025-08-04T11:57:39.140080"", ""source"": ""new_employee_script""}",2025-08-04 18:57:39.140351,12.0,3.0,West Coast Office,2025-08-08T12:00:22.605854
112,clock_in,12.0,Lisa Thompson clocked in,"{""timestamp"": ""2025-08-04T11:57:39.147213"", ""source"": ""new_employee_script""}",2025-08-04 18:57:39.147472,12.0,3.0,West Coast Office,2025-08-08T12:00:22.605854
113,clock_out,12.0,Lisa Thompson clocked out,"{""timestamp"": ""2025-08-04T11:57:39.154344"", ""source"": ""new_employee_script""}",2025-08-04 18:57:39.154628,12.0,3.0,West Coast Office,2025-08-08T12:00:22.605854
114,employee_registered,13.0,New employee James Wilson registered successfully,"{""timestamp"": ""2025-08-04T11:57:39.161746"", ""department"": ""Engineering"", ""source"": ""new_employee_script""}",2025-08-04 18:57:39.162017,13.0,1.0,Main Office,2025-08-08T12:00:22.605854
115,clock_in,13.0,James Wilson clocked in,"{""timestamp"": ""2025-08-04T11:57:39.168872"", ""source"": ""new_employee_script""}",2025-08-04 18:57:39.169105,13.0,1.0,Main Office,2025-08-08T12:00:22.605854
116,clock_out,13.0,James Wilson clocked out,"{""timestamp"": ""2025-08-04T11:57:39.176021"", ""source"": ""new_employee_script""}",2025-08-04 18:57:39.176340,13.0,1.0,Main Office,2025-08-08T12:00:22.605854
117,clock_in,13.0,James Wilson clocked in,"{""timestamp"": ""2025-08-04T11:57:39.187277"", ""source"": ""new_employee_script""}",2025-08-04 18:57:39.187569,13.0,1.0,Main Office,2025-08-08T12:00:22.605854
118,clock_out,13.0,James Wilson clocked out,"{""timestamp"": ""2025-08-04T11:57:39.194601"", ""source"": ""new_employee_script""}",2025-08-04 18:57:39.194937,13.0,1.0,Main Office,2025-08-08T12:00:22.605854
119,clock_in,13.0,James Wilson clocked in,"{""timestamp"": ""2025-08-04T11:57:39.201923"", ""source"": ""new_employee_script""}",2025-08-04 18:57:39.202166,13.0,1.0,Main Office,2025-08-08T12:00:22.605854
120,clock_out,13.0,James Wilson clocked out,"{""timestamp"": ""2025-08-04T11:57:39.208988"", ""source"": ""new_employee_script""}",2025-08-04 18:57:39.209278,13.0,1.0,Main Office,2025-08-08T12:00:22.605854
121,clock_in,13.0,James Wilson clocked in,"{""timestamp"": ""2025-08-04T11:57:39.216271"", ""source"": ""new_employee_script""}",2025-08-04 18:57:39.216542,13.0,1.0,Main Office,2025-08-08T12:00:22.605854
122,clock_out,13.0,James Wilson clocked out,"{""timestamp"": ""2025-08-04T11:57:39.223462"", ""source"": ""new_employee_script""}",2025-08-04 18:57:39.223765,13.0,1.0,Main Office,2025-08-08T12:00:22.605854
123,clock_in,13.0,James Wilson clocked in,"{""timestamp"": ""2025-08-04T11:57:39.230617"", ""source"": ""new_employee_script""}",2025-08-04 18:57:39.230926,13.0,1.0,Main Office,2025-08-08T12:00:22.605854
124,clock_out,13.0,James Wilson clocked out,"{""timestamp"": ""2025-08-04T11:57:39.237647"", ""source"": ""new_employee_script""}",2025-08-04 18:57:39.237933,13.0,1.0,Main Office,2025-08-08T12:00:22.605854
125,clock_in,13.0,James Wilson clocked in,"{""timestamp"": ""2025-08-04T11:57:39.244783"", ""source"": ""new_employee_script""}",2025-08-04 18:57:39.245064,13.0,1.0,Main Office,2025-08-08T12:00:22.605854
126,clock_out,13.0,James Wilson clocked out,"{""timestamp"": ""2025-08-04T11:57:39.251909"", ""source"": ""new_employee_script""}",2025-08-04 18:57:39.252143,13.0,1.0,Main Office,2025-08-08T12:00:22.605854
127,clock_in,13.0,James Wilson clocked in,"{""timestamp"": ""2025-08-04T11:57:39.259095"", ""source"": ""new_employee_script""}",2025-08-04 18:57:39.259390,13.0,1.0,Main Office,2025-08-08T12:00:22.605854
128,clock_out,13.0,James Wilson clocked out,"{""timestamp"": ""2025-08-04T11:57:39.266229"", ""source"": ""new_employee_script""}",2025-08-04 18:57:39.266487,13.0,1.0,Main Office,2025-08-08T12:00:22.605854
129,employee_registered,14.0,New employee Emily Davis registered successfully,"{""timestamp"": ""2025-08-04T11:57:39.273187"", ""department"": ""Marketing"", ""source"": ""new_employee_script""}",2025-08-04 18:57:39.273474,14.0,1.0,Main Office,2025-08-08T12:00:22.605854
130,clock_in,14.0,Emily Davis clocked in,"{""timestamp"": ""2025-08-04T11:57:39.280447"", ""source"": ""new_employee_script""}",2025-08-04 18:57:39.280709,14.0,1.0,Main Office,2025-08-08T12:00:22.605854
131,clock_out,14.0,Emily Davis clocked out,"{""timestamp"": ""2025-08-04T11:57:39.287604"", ""source"": ""new_employee_script""}",2025-08-04 18:57:39.287973,14.0,1.0,Main Office,2025-08-08T12:00:22.605854
132,clock_in,14.0,Emily Davis clocked in,"{""timestamp"": ""2025-08-04T11:57:39.295048"", ""source"": ""new_employee_script""}",2025-08-04 18:57:39.295332,14.0,1.0,Main Office,2025-08-08T12:00:22.605854
133,clock_out,14.0,Emily Davis clocked out,"{""timestamp"": ""2025-08-04T11:57:39.302250"", ""source"": ""new_employee_script""}",2025-08-04 18:57:39.302514,14.0,1.0,Main Office,2025-08-08T12:00:22.605854
134,clock_in,14.0,Emily Davis clocked in,"{""timestamp"": ""2025-08-04T11:57:39.309638"", ""source"": ""new_employee_script""}",2025-08-04 18:57:39.309925,14.0,1.0,Main Office,2025-08-08T12:00:22.605854
135,clock_out,14.0,Emily Davis clocked out,"{""timestamp"": ""2025-08-04T11:57:39.317058"", ""source"": ""new_employee_script""}",2025-08-04 18:57:39.317329,14.0,1.0,Main Office,2025-08-08T12:00:22.605854
136,employee_registered,15.0,New employee Robert Kim registered successfully,"{""timestamp"": ""2025-08-04T11:57:39.324277"", ""department"": ""Sales"", ""source"": ""new_employee_script""}",2025-08-04 18:57:39.324561,15.0,1.0,Main Office,2025-08-08T12:00:22.605854
137,clock_in,15.0,Robert Kim clocked in,"{""timestamp"": ""2025-08-04T11:57:39.331499"", ""source"": ""new_employee_script""}",2025-08-04 18:57:39.331764,15.0,1.0,Main Office,2025-08-08T12:00:22.605854
138,clock_out,15.0,Robert Kim clocked out,"{""timestamp"": ""2025-08-04T11:57:39.338745"", ""source"": ""new_employee_script""}",2025-08-04 18:57:39.339008,15.0,1.0,Main Office,2025-08-08T12:00:22.605854
139,clock_in,15.0,Robert Kim clocked in,"{""timestamp"": ""2025-08-04T11:57:39.345739"", ""source"": ""new_employee_script""}",2025-08-04 18:57:39.346010,15.0,1.0,Main Office,2025-08-08T12:00:22.605854
140,clock_out,15.0,Robert Kim clocked out,"{""timestamp"": ""2025-08-04T11:57:39.352929"", ""source"": ""new_employee_script""}",2025-08-04 18:57:39.353182,15.0,1.0,Main Office,2025-08-08T12:00:22.605854
141,clock_in,15.0,Robert Kim clocked in,"{""timestamp"": ""2025-08-04T11:57:39.360115"", ""source"": ""new_employee_script""}",2025-08-04 18:57:39.360386,15.0,1.0,Main Office,2025-08-08T12:00:22.605854
142,clock_out,15.0,Robert Kim clocked out,"{""timestamp"": ""2025-08-04T11:57:39.367199"", ""source"": ""new_employee_script""}",2025-08-04 18:57:39.367440,15.0,1.0,Main Office,2025-08-08T12:00:22.605854
143,clock_in,15.0,Robert Kim clocked in,"{""timestamp"": ""2025-08-04T11:57:39.374156"", ""source"": ""new_employee_script""}",2025-08-04 18:57:39.374411,15.0,1.0,Main Office,2025-08-08T12:00:22.605854
144,clock_out,15.0,Robert Kim clocked out,"{""timestamp"": ""2025-08-04T11:57:39.381408"", ""source"": ""new_employee_script""}",2025-08-04 18:57:39.381681,15.0,1.0,Main Office,2025-08-08T12:00:22.605854
145,clock_in,15.0,Robert Kim clocked in,"{""timestamp"": ""2025-08-04T11:57:39.388816"", ""source"": ""new_employee_script""}",2025-08-04 18:57:39.389115,15.0,1.0,Main Office,2025-08-08T12:00:22.605854
146,clock_out,15.0,Robert Kim clocked out,"{""timestamp"": ""2025-08-04T11:57:39.395794"", ""source"": ""new_employee_script""}",2025-08-04 18:57:39.396064,15.0,1.0,Main Office,2025-08-08T12:00:22.605854
147,clock_in,15.0,Robert Kim clocked in,"{""timestamp"": ""2025-08-04T11:57:39.402793"", ""source"": ""new_employee_script""}",2025-08-04 18:57:39.403038,15.0,1.0,Main Office,2025-08-08T12:00:22.605854
148,clock_out,15.0,Robert Kim clocked out,"{""timestamp"": ""2025-08-04T11:57:39.410376"", ""source"": ""new_employee_script""}",2025-08-04 18:57:39.410737,15.0,1.0,Main Office,2025-08-08T12:00:22.605854
149,employee_registered,16.0,New employee Jennifer Lee registered successfully,"{""timestamp"": ""2025-08-04T11:57:39.417458"", ""department"": ""Engineering"", ""source"": ""new_employee_script""}",2025-08-04 18:57:39.417700,16.0,1.0,Main Office,2025-08-08T12:00:22.605854
150,clock_in,16.0,Jennifer Lee clocked in,"{""timestamp"": ""2025-08-04T11:57:39.424553"", ""source"": ""new_employee_script""}",2025-08-04 18:57:39.424864,16.0,1.0,Main Office,2025-08-08T12:00:22.605854
151,clock_out,16.0,Jennifer Lee clocked out,"{""timestamp"": ""2025-08-04T11:57:39.431781"", ""source"": ""new_employee_script""}",2025-08-04 18:57:39.432133,16.0,1.0,Main Office,2025-08-08T12:00:22.605854
152,clock_in,16.0,Jennifer Lee clocked in,"{""timestamp"": ""2025-08-04T11:57:39.438993"", ""source"": ""new_employee_script""}",2025-08-04 18:57:39.439256,16.0,1.0,Main Office,2025-08-08T12:00:22.605854
153,clock_out,16.0,Jennifer Lee clocked out,"{""timestamp"": ""2025-08-04T11:57:39.446152"", ""source"": ""new_employee_script""}",2025-08-04 18:57:39.446503,16.0,1.0,Main Office,2025-08-08T12:00:22.605854
154,clock_in,16.0,Jennifer Lee clocked in,"{""timestamp"": ""2025-08-04T11:57:39.453552"", ""source"": ""new_employee_script""}",2025-08-04 18:57:39.453833,16.0,1.0,Main Office,2025-08-08T12:00:22.605854
155,clock_out,16.0,Jennifer Lee clocked out,"{""timestamp"": ""2025-08-04T11:57:39.460906"", ""source"": ""new_employee_script""}",2025-08-04 18:57:39.461245,16.0,1.0,Main Office,2025-08-08T12:00:22.605854
156,clock_in,16.0,Jennifer Lee clocked in,"{""timestamp"": ""2025-08-04T11:57:39.468572"", ""source"": ""new_employee_script""}",2025-08-04 18:57:39.468846,16.0,1.0,Main Office,2025-08-08T12:00:22.605854
157,clock_out,16.0,Jennifer Lee clocked out,"{""timestamp"": ""2025-08-04T11:57:39.475768"", ""source"": ""new_employee_script""}",2025-08-04 18:57:39.476085,16.0,1.0,Main Office,2025-08-08T12:00:22.605854
158,clock_in,16.0,Jennifer Lee clocked in,"{""timestamp"": ""2025-08-04T11:57:39.483018"", ""source"": ""new_employee_script""}",2025-08-04 18:57:39.483288,16.0,1.0,Main Office,2025-08-08T12:00:22.605854
159,clock_out,16.0,Jennifer Lee clocked out,"{""timestamp"": ""2025-08-04T11:57:39.490594"", ""source"": ""new_employee_script""}",2025-08-04 18:57:39.490873,16.0,1.0,Main Office,2025-08-08T12:00:22.605854
160,clock_in,16.0,Jennifer Lee clocked in,"{""timestamp"": ""2025-08-04T11:57:39.498187"", ""source"": ""new_employee_script""}",2025-08-04 18:57:39.498471,16.0,1.0,Main Office,2025-08-08T12:00:22.605854
161,clock_out,16.0,Jennifer Lee clocked out,"{""timestamp"": ""2025-08-04T11:57:39.505562"", ""source"": ""new_employee_script""}",2025-08-04 18:57:39.505833,16.0,1.0,Main Office,2025-08-08T12:00:22.605854
162,employee_registered,17.0,New employee David Martinez registered successfully,"{""timestamp"": ""2025-08-04T11:57:39.512970"", ""department"": ""Marketing"", ""source"": ""new_employee_script""}",2025-08-04 18:57:39.513244,17.0,1.0,Main Office,2025-08-08T12:00:22.605854
163,clock_in,17.0,David Martinez clocked in,"{""timestamp"": ""2025-08-04T11:57:39.520040"", ""source"": ""new_employee_script""}",2025-08-04 18:57:39.520281,17.0,1.0,Main Office,2025-08-08T12:00:22.605854
164,clock_out,17.0,David Martinez clocked out,"{""timestamp"": ""2025-08-04T11:57:39.527064"", ""source"": ""new_employee_script""}",2025-08-04 18:57:39.527361,17.0,1.0,Main Office,2025-08-08T12:00:22.605854
165,clock_in,17.0,David Martinez clocked in,"{""timestamp"": ""2025-08-04T11:57:39.534131"", ""source"": ""new_employee_script""}",2025-08-04 18:57:39.534389,17.0,1.0,Main Office,2025-08-08T12:00:22.605854
166,clock_out,17.0,David Martinez clocked out,"{""timestamp"": ""2025-08-04T11:57:39.541376"", ""source"": ""new_employee_script""}",2025-08-04 18:57:39.541655,17.0,1.0,Main Office,2025-08-08T12:00:22.605854
167,clock_in,17.0,David Martinez clocked in,"{""timestamp"": ""2025-08-04T11:57:39.548748"", ""source"": ""new_employee_script""}",2025-08-04 18:57:39.549023,17.0,1.0,Main Office,2025-08-08T12:00:22.605854
168,clock_out,17.0,David Martinez clocked out,"{""timestamp"": ""2025-08-04T11:57:39.556708"", ""source"": ""new_employee_script""}",2025-08-04 18:57:39.557013,17.0,1.0,Main Office,2025-08-08T12:00:22.605854
169,clock_in,17.0,David Martinez clocked in,"{""timestamp"": ""2025-08-04T11:57:39.564043"", ""source"": ""new_employee_script""}",2025-08-04 18:57:39.564339,17.0,1.0,Main Office,2025-08-08T12:00:22.605854
170,clock_out,17.0,David Martinez clocked out,"{""timestamp"": ""2025-08-04T11:57:39.571343"", ""source"": ""new_employee_script""}",2025-08-04 18:57:39.571632,17.0,1.0,Main Office,2025-08-08T12:00:22.605854
171,clock_in,17.0,David Martinez clocked in,"{""timestamp"": ""2025-08-04T11:57:39.578598"", ""source"": ""new_employee_script""}",2025-08-04 18:57:39.578923,17.0,1.0,Main Office,2025-08-08T12:00:22.605854
172,clock_out,17.0,David Martinez clocked out,"{""timestamp"": ""2025-08-04T11:57:39.586094"", ""source"": ""new_employee_script""}",2025-08-04 18:57:39.586391,17.0,1.0,Main Office,2025-08-08T12:00:22.605854
173,system_startup,,Database setup completed successfully,"{""config_env"": ""default"", ""database_url"": ""sqlite:///stes.db"", ""timestamp"": ""2025-08-04T12:31:57.481970""}",2025-08-04 19:31:57.486121,,1.0,Main Office,2025-08-08T12:00:22.605854
174,system_startup,,System started successfully,"{""timestamp"": ""2025-08-04T12:31:58.237089"", ""source"": ""sample_data_generator""}",2025-08-04 19:31:58.238094,,1.0,Main Office,2025-08-08T12:00:22.605854
175,face_detected,,Face detected in video stream,"{""timestamp"": ""2025-08-04T12:31:58.247570"", ""source"": ""sample_data_generator""}",2025-08-04 19:31:58.247890,,1.0,Main Office,2025-08-08T12:00:22.605854
176,employee_registered,,New employee registered,"{""timestamp"": ""2025-08-04T12:31:58.255324"", ""source"": ""sample_data_generator""}",2025-08-04 19:31:58.255639,,1.0,Main Office,2025-08-08T12:00:22.605854
177,clock_in,,Employee clocked in,"{""timestamp"": ""2025-08-04T12:31:58.264444"", ""source"": ""sample_data_generator""}",2025-08-04 19:31:58.264751,,1.0,Main Office,2025-08-08T12:00:22.605854
178,clock_out,,Employee clocked out,"{""timestamp"": ""2025-08-04T12:31:58.271500"", ""source"": ""sample_data_generator""}",2025-08-04 19:31:58.271801,,1.0,Main Office,2025-08-08T12:00:22.605854
179,error,,Camera connection lost,"{""timestamp"": ""2025-08-04T12:31:58.279286"", ""source"": ""sample_data_generator""}",2025-08-04 19:31:58.279682,,1.0,Main Office,2025-08-08T12:00:22.605854
180,system_shutdown,,System shutdown initiated,"{""timestamp"": ""2025-08-04T12:31:58.287503"", ""source"": ""sample_data_generator""}",2025-08-04 19:31:58.287813,,1.0,Main Office,2025-08-08T12:00:22.605854
181,system_startup,,Database setup completed successfully,"{""config_env"": ""default"", ""database_url"": ""sqlite:///stes.db"", ""timestamp"": ""2025-08-05T10:19:03.129225""}",2025-08-05 17:19:03.133268,,1.0,Main Office,2025-08-08T12:00:22.605854
182,system_startup,,System started successfully,"{""timestamp"": ""2025-08-05T10:19:03.903759"", ""source"": ""sample_data_generator""}",2025-08-05 17:19:03.904386,,1.0,Main Office,2025-08-08T12:00:22.605854
183,face_detected,,Face detected in video stream,"{""timestamp"": ""2025-08-05T10:19:03.911986"", ""source"": ""sample_data_generator""}",2025-08-05 17:19:03.912230,,1.0,Main Office,2025-08-08T12:00:22.605854
184,employee_registered,,New employee registered,"{""timestamp"": ""2025-08-05T10:19:03.919253"", ""source"": ""sample_data_generator""}",2025-08-05 17:19:03.919526,,1.0,Main Office,2025-08-08T12:00:22.605854
185,clock_in,,Employee clocked in,"{""timestamp"": ""2025-08-05T10:19:03.926865"", ""source"": ""sample_data_generator""}",2025-08-05 17:19:03.927204,,1.0,Main Office,2025-08-08T12:00:22.605854
186,clock_out,,Employee clocked out,"{""timestamp"": ""2025-08-05T10:19:03.934718"", ""source"": ""sample_data_generator""}",2025-08-05 17:19:03.934992,,1.0,Main Office,2025-08-08T12:00:22.605854
187,error,,Camera connection lost,"{""timestamp"": ""2025-08-05T10:19:03.942525"", ""source"": ""sample_data_generator""}",2025-08-05 17:19:03.942859,,1.0,Main Office,2025-08-08T12:00:22.605854
188,system_shutdown,,System shutdown initiated,"{""timestamp"": ""2025-08-05T10:19:03.950495"", ""source"": ""sample_data_generator""}",2025-08-05 17:19:03.950774,,1.0,Main Office,2025-08-08T12:00:22.605854
189,clock_in,9.0,Arnav Mehta clocked in,"{""timestamp"": ""2025-08-05T10:30:58.347415"", ""time_log_id"": 162}",2025-08-05 17:30:58.359582,9.0,3.0,West Coast Office,2025-08-08T12:00:22.605854
190,clock_out,9.0,Arnav Mehta clocked out,"{""timestamp"": ""2025-08-05T10:31:12.785755"", ""time_log_id"": 162, ""duration_hours"": ""0.00""}",2025-08-05 17:31:12.803215,9.0,3.0,West Coast Office,2025-08-08T12:00:22.605854
191,clock_in,9.0,Arnav Mehta clocked in,"{""timestamp"": ""2025-08-05T10:32:45.852897"", ""time_log_id"": 162}",2025-08-05 17:32:45.866296,9.0,3.0,West Coast Office,2025-08-08T12:00:22.605854
192,clock_out,9.0,Arnav Mehta clocked out,"{""timestamp"": ""2025-08-05T10:33:06.853754"", ""time_log_id"": 162, ""duration_hours"": ""0.01""}",2025-08-05 17:33:06.867212,9.0,3.0,West Coast Office,2025-08-08T12:00:22.605854
193,clock_in,9.0,Arnav Mehta clocked in,"{""timestamp"": ""2025-08-05T10:43:23.050714"", ""time_log_id"": 162}",2025-08-05 17:43:23.064584,9.0,3.0,West Coast Office,2025-08-08T12:00:22.605854
194,clock_out,9.0,Arnav Mehta clocked out,"{""timestamp"": ""2025-08-05T10:43:28.887699"", ""time_log_id"": 162, ""duration_hours"": ""0.00""}",2025-08-05 17:43:28.907177,9.0,3.0,West Coast Office,2025-08-08T12:00:22.605854
195,clock_in,9.0,Arnav Mehta clocked in,"{""timestamp"": ""2025-08-05T10:49:52.316459"", ""time_log_id"": 162}",2025-08-05 17:49:52.327412,9.0,3.0,West Coast Office,2025-08-08T12:00:22.605854
196,clock_out,9.0,Arnav Mehta clocked out,"{""timestamp"": ""2025-08-05T10:50:02.103909"", ""time_log_id"": 162, ""duration_hours"": ""0.00""}",2025-08-05 17:50:02.132672,9.0,3.0,West Coast Office,2025-08-08T12:00:22.605854
197,system_startup,,Database setup completed successfully,"{""config_env"": ""default"", ""database_url"": ""sqlite:///stes.db"", ""timestamp"": ""2025-08-05T11:43:26.689196""}",2025-08-05 18:43:26.693200,,1.0,Main Office,2025-08-08T12:00:22.605854
198,system_startup,,System started successfully,"{""timestamp"": ""2025-08-05T11:43:27.315650"", ""source"": ""sample_data_generator""}",2025-08-05 18:43:27.316712,,1.0,Main Office,2025-08-08T12:00:22.605854
199,face_detected,,Face detected in video stream,"{""timestamp"": ""2025-08-05T11:43:27.324882"", ""source"": ""sample_data_generator""}",2025-08-05 18:43:27.325187,,1.0,Main Office,2025-08-08T12:00:22.605854
200,employee_registered,,New employee registered,"{""timestamp"": ""2025-08-05T11:43:27.331887"", ""source"": ""sample_data_generator""}",2025-08-05 18:43:27.332147,,1.0,Main Office,2025-08-08T12:00:22.605854
201,clock_in,,Employee clocked in,"{""timestamp"": ""2025-08-05T11:43:27.339173"", ""source"": ""sample_data_generator""}",2025-08-05 18:43:27.339454,,1.0,Main Office,2025-08-08T12:00:22.605854
202,clock_out,,Employee clocked out,"{""timestamp"": ""2025-08-05T11:43:27.346714"", ""source"": ""sample_data_generator""}",2025-08-05 18:43:27.347028,,1.0,Main Office,2025-08-08T12:00:22.605854
203,error,,Camera connection lost,"{""timestamp"": ""2025-08-05T11:43:27.354369"", ""source"": ""sample_data_generator""}",2025-08-05 18:43:27.354659,,1.0,Main Office,2025-08-08T12:00:22.605854
204,system_shutdown,,System shutdown initiated,"{""timestamp"": ""2025-08-05T11:43:27.361776"", ""source"": ""sample_data_generator""}",2025-08-05 18:43:27.362028,,1.0,Main Office,2025-08-08T12:00:22.605854
205,clock_in,9.0,Arnav Mehta clocked in,"{""timestamp"": ""2025-08-05T11:44:11.522389"", ""time_log_id"": 162}",2025-08-05 18:44:11.535187,9.0,3.0,West Coast Office,2025-08-08T12:00:22.605854
206,clock_out,9.0,Arnav Mehta clocked out,"{""timestamp"": ""2025-08-05T11:44:14.992062"", ""time_log_id"": 162, ""duration_hours"": ""0.00""}",2025-08-05 18:44:15.007907,9.0,3.0,West Coast Office,2025-08-08T12:00:22.605854
207,clock_in,9.0,Arnav Mehta clocked in,"{""timestamp"": ""2025-08-05T11:49:25.419012"", ""time_log_id"": 162}",2025-08-05 18:49:25.426711,9.0,3.0,West Coast Office,2025-08-08T12:00:22.605854
208,clock_out,9.0,Arnav Mehta clocked out,"{""timestamp"": ""2025-08-05T11:49:39.671621"", ""time_log_id"": 162, ""duration_hours"": ""0.00""}",2025-08-05 18:49:39.681697,9.0,3.0,West Coast Office,2025-08-08T12:00:22.605854
209,clock_in,9.0,Arnav Mehta clocked in,"{""timestamp"": ""2025-08-05T11:57:27.150160"", ""time_log_id"": 162}",2025-08-05 18:57:27.166267,9.0,3.0,West Coast Office,2025-08-08T12:00:22.605854
210,clock_out,9.0,Arnav Mehta clocked out,"{""timestamp"": ""2025-08-05T11:57:32.275726"", ""time_log_id"": 162, ""duration_hours"": ""0.00""}",2025-08-05 18:57:32.291740,9.0,3.0,West Coast Office,2025-08-08T12:00:22.605854
211,clock_in,9.0,Arnav Mehta clocked in,"{""timestamp"": ""2025-08-05T12:05:11.437071"", ""time_log_id"": 162}",2025-08-05 19:05:11.448755,9.0,3.0,West Coast Office,2025-08-08T12:00:22.605854
212,clock_out,9.0,Arnav Mehta clocked out,"{""timestamp"": ""2025-08-05T12:05:13.524262"", ""time_log_id"": 162, ""duration_hours"": ""0.00""}",2025-08-05 19:05:13.539509,9.0,3.0,West Coast Office,2025-08-08T12:00:22.605854
213,system_startup,,Database setup completed successfully,"{""config_env"": ""default"", ""database_url"": ""sqlite:///stes.db"", ""timestamp"": ""2025-08-06T11:25:10.928204""}",2025-08-06 18:25:10.933312,,1.0,Main Office,2025-08-08T12:00:22.605854
214,system_startup,,Database setup completed successfully,"{""config_env"": ""default"", ""database_url"": ""sqlite:///stes.db"", ""timestamp"": ""2025-08-06T11:25:48.339067""}",2025-08-06 18:25:48.343788,,1.0,Main Office,2025-08-08T12:00:22.605854
215,system_startup,,System started successfully,"{""timestamp"": ""2025-08-06T11:25:49.125914"", ""source"": ""sample_data_generator""}",2025-08-06 18:25:49.126646,,1.0,Main Office,2025-08-08T12:00:22.605854
216,face_detected,,Face detected in video stream,"{""timestamp"": ""2025-08-06T11:25:49.133941"", ""source"": ""sample_data_generator""}",2025-08-06 18:25:49.134238,,1.0,Main Office,2025-08-08T12:00:22.605854
217,employee_registered,,New employee registered,"{""timestamp"": ""2025-08-06T11:25:49.140937"", ""source"": ""sample_data_generator""}",2025-08-06 18:25:49.141195,,1.0,Main Office,2025-08-08T12:00:22.605854
218,clock_in,,Employee clocked in,"{""timestamp"": ""2025-08-06T11:25:49.147988"", ""source"": ""sample_data_generator""}",2025-08-06 18:25:49.148248,,1.0,Main Office,2025-08-08T12:00:22.605854
219,clock_out,,Employee clocked out,"{""timestamp"": ""2025-08-06T11:25:49.155182"", ""source"": ""sample_data_generator""}",2025-08-06 18:25:49.155478,,1.0,Main Office,2025-08-08T12:00:22.605854
220,error,,Camera connection lost,"{""timestamp"": ""2025-08-06T11:25:49.162256"", ""source"": ""sample_data_generator""}",2025-08-06 18:25:49.162563,,1.0,Main Office,2025-08-08T12:00:22.605854
221,system_shutdown,,System shutdown initiated,"{""timestamp"": ""2025-08-06T11:25:49.173906"", ""source"": ""sample_data_generator""}",2025-08-06 18:25:49.174206,,1.0,Main Office,2025-08-08T12:00:22.605854
222,clock_in,9.0,Arnav Mehta clocked in,"{""timestamp"": ""2025-08-06T11:26:04.667235"", ""time_log_id"": 171}",2025-08-06 18:26:04.684092,9.0,3.0,West Coast Office,2025-08-08T12:00:22.605854
223,clock_out,9.0,Arnav Mehta clocked out,"{""timestamp"": ""2025-08-06T11:26:09.865422"", ""time_log_id"": 171, ""duration_hours"": ""0.00""}",2025-08-06 18:26:09.879952,9.0,3.0,West Coast Office,2025-08-08T12:00:22.605854
224,system_startup,,Database setup completed successfully,"{""config_env"": ""default"", ""database_url"": ""sqlite:///stes.db"", ""timestamp"": ""2025-08-06T12:40:32.320354""}",2025-08-06 19:40:32.324429,,1.0,Main Office,2025-08-08T12:00:22.605854
225,system_startup,,System started successfully,"{""timestamp"": ""2025-08-06T12:40:33.088779"", ""source"": ""sample_data_generator""}",2025-08-06 19:40:33.089701,,1.0,Main Office,2025-08-08T12:00:22.605854
226,face_detected,,Face detected in video stream,"{""timestamp"": ""2025-08-06T12:40:33.098266"", ""source"": ""sample_data_generator""}",2025-08-06 19:40:33.098553,,1.0,Main Office,2025-08-08T12:00:22.605854
227,employee_registered,,New employee registered,"{""timestamp"": ""2025-08-06T12:40:33.105626"", ""source"": ""sample_data_generator""}",2025-08-06 19:40:33.105851,,1.0,Main Office,2025-08-08T12:00:22.605854
228,clock_in,,Employee clocked in,"{""timestamp"": ""2025-08-06T12:40:33.112694"", ""source"": ""sample_data_generator""}",2025-08-06 19:40:33.112901,,1.0,Main Office,2025-08-08T12:00:22.605854
229,clock_out,,Employee clocked out,"{""timestamp"": ""2025-08-06T12:40:33.120117"", ""source"": ""sample_data_generator""}",2025-08-06 19:40:33.120334,,1.0,Main Office,2025-08-08T12:00:22.605854
230,error,,Camera connection lost,"{""timestamp"": ""2025-08-06T12:40:33.127163"", ""source"": ""sample_data_generator""}",2025-08-06 19:40:33.127364,,1.0,Main Office,2025-08-08T12:00:22.605854
231,system_shutdown,,System shutdown initiated,"{""timestamp"": ""2025-08-06T12:40:33.134191"", ""source"": ""sample_data_generator""}",2025-08-06 19:40:33.134473,,1.0,Main Office,2025-08-08T12:00:22.605854
232,clock_in,9.0,Arnav Mehta clocked in,"{""timestamp"": ""2025-08-06T12:40:55.319944"", ""time_log_id"": 171}",2025-08-06 19:40:55.333289,9.0,3.0,West Coast Office,2025-08-08T12:00:22.605854
233,clock_out,9.0,Arnav Mehta clocked out,"{""timestamp"": ""2025-08-06T12:40:56.727233"", ""time_log_id"": 171, ""duration_hours"": ""0.00""}",2025-08-06 19:40:56.742141,9.0,3.0,West Coast Office,2025-08-08T12:00:22.605854
234,clock_in,9.0,Arnav Mehta clocked in,"{""timestamp"": ""2025-08-06T12:46:53.124464"", ""time_log_id"": 171}",2025-08-06 19:46:53.134596,9.0,3.0,West Coast Office,2025-08-08T12:00:22.605854
235,clock_out,9.0,Arnav Mehta clocked out,"{""timestamp"": ""2025-08-06T12:46:56.066834"", ""time_log_id"": 171, ""duration_hours"": ""0.00""}",2025-08-06 19:46:56.078104,9.0,3.0,West Coast Office,2025-08-08T12:00:22.605854
236,clock_in,9.0,Arnav Mehta clocked in,"{""timestamp"": ""2025-08-06T12:55:20.610249"", ""time_log_id"": 171}",2025-08-06 19:55:20.625741,9.0,3.0,West Coast Office,2025-08-08T12:00:22.605854
237,clock_out,9.0,Arnav Mehta clocked out,"{""timestamp"": ""2025-08-06T12:55:22.402173"", ""time_log_id"": 171, ""duration_hours"": ""0.00""}",2025-08-06 19:55:22.414675,9.0,3.0,West Coast Office,2025-08-08T12:00:22.605854
238,clock_in,9.0,Arnav Mehta clocked in,"{""timestamp"": ""2025-08-06T12:59:16.235901"", ""time_log_id"": 171}",2025-08-06 19:59:16.247340,9.0,3.0,West Coast Office,2025-08-08T12:00:22.605854
239,clock_out,9.0,Arnav Mehta clocked out,"{""timestamp"": ""2025-08-06T12:59:17.611934"", ""time_log_id"": 171, ""duration_hours"": ""0.00""}",2025-08-06 19:59:17.622805,9.0,3.0,West Coast Office,2025-08-08T12:00:22.605854
240,clock_in,9.0,Arnav Mehta clocked in,"{""timestamp"": ""2025-08-06T13:03:39.560757"", ""time_log_id"": 171}",2025-08-06 20:03:39.571837,9.0,3.0,West Coast Office,2025-08-08T12:00:22.605854
241,clock_out,9.0,Arnav Mehta clocked out,"{""timestamp"": ""2025-08-06T13:03:41.189385"", ""time_log_id"": 171, ""duration_hours"": ""0.00""}",2025-08-06 20:03:41.202441,9.0,3.0,West Coast Office,2025-08-08T12:00:22.605854
242,clock_in,1.0,John Doe clocked in,"{""timestamp"": ""2025-08-06T13:05:05.520249"", ""time_log_id"": 172}",2025-08-06 20:05:05.529461,1.0,3.0,West Coast Office,2025-08-08T12:00:22.605854
243,clock_in,9.0,Arnav Mehta clocked in,"{""timestamp"": ""2025-08-06T13:06:18.994986"", ""time_log_id"": 173}",2025-08-06 20:06:19.006284,9.0,3.0,West Coast Office,2025-08-08T12:00:22.605854
244,clock_out,9.0,Arnav Mehta clocked out,"{""timestamp"": ""2025-08-06T13:06:20.370988"", ""time_log_id"": 173, ""duration_hours"": ""0.00""}",2025-08-06 20:06:20.383849,9.0,3.0,West Coast Office,2025-08-08T12:00:22.605854
245,clock_out,1.0,John Doe clocked out,"{""timestamp"": ""2025-08-06T13:08:37.870166"", ""time_log_id"": 172, ""duration_hours"": ""0.06""}",2025-08-06 20:08:37.880963,1.0,3.0,West Coast Office,2025-08-08T12:00:22.605854
246,clock_in,1.0,John Doe clocked in,"{""timestamp"": ""2025-08-06T13:09:55.004258"", ""time_log_id"": 174}",2025-08-06 20:09:55.014738,1.0,3.0,West Coast Office,2025-08-08T12:00:22.605854
247,clock_in,9.0,Arnav Mehta clocked in,"{""timestamp"": ""2025-08-06T13:10:13.830477"", ""time_log_id"": 175}",2025-08-06 20:10:13.841572,9.0,3.0,West Coast Office,2025-08-08T12:00:22.605854
248,clock_out,9.0,Arnav Mehta clocked out,"{""timestamp"": ""2025-08-06T13:10:17.202501"", ""time_log_id"": 175, ""duration_hours"": ""0.00""}",2025-08-06 20:10:17.214828,9.0,3.0,West Coast Office,2025-08-08T12:00:22.605854
249,clock_in,9.0,Arnav Mehta clocked in,"{""timestamp"": ""2025-08-06T13:19:24.255036"", ""time_log_id"": 175}",2025-08-06 20:19:24.270163,9.0,3.0,West Coast Office,2025-08-08T12:00:22.605854
250,clock_out,9.0,Arnav Mehta clocked out,"{""timestamp"": ""2025-08-06T13:19:28.176288"", ""time_log_id"": 175, ""duration_hours"": ""0.00""}",2025-08-06 20:19:28.189162,9.0,3.0,West Coast Office,2025-08-08T12:00:22.605854
251,clock_out,1.0,John Doe clocked out,"{""timestamp"": ""2025-08-06T13:20:59.964062"", ""time_log_id"": 174, ""duration_hours"": ""0.18""}",2025-08-06 20:20:59.974998,1.0,3.0,West Coast Office,2025-08-08T12:00:22.605854
252,clock_in,1.0,John Doe clocked in,"{""timestamp"": ""2025-08-06T13:22:35.533399"", ""time_log_id"": 176}",2025-08-06 20:22:35.542857,1.0,3.0,West Coast Office,2025-08-08T12:00:22.605854
253,clock_in,9.0,Arnav Mehta clocked in,"{""timestamp"": ""2025-08-06T13:22:49.872221"", ""time_log_id"": 177}",2025-08-06 20:22:49.885914,9.0,3.0,West Coast Office,2025-08-08T12:00:22.605854
254,clock_out,9.0,Arnav Mehta clocked out,"{""timestamp"": ""2025-08-06T13:22:53.426183"", ""time_log_id"": 177, ""duration_hours"": ""0.00""}",2025-08-06 20:22:53.437754,9.0,3.0,West Coast Office,2025-08-08T12:00:22.605854
255,clock_out,1.0,John Doe clocked out,"{""timestamp"": ""2025-08-06T13:28:54.228182"", ""time_log_id"": 176, ""duration_hours"": ""0.11""}",2025-08-06 20:28:54.238871,1.0,3.0,West Coast Office,2025-08-08T12:00:22.605854
256,clock_in,9.0,Arnav Mehta clocked in,"{""timestamp"": ""2025-08-06T13:29:46.213472"", ""time_log_id"": 177}",2025-08-06 20:29:46.226313,9.0,3.0,West Coast Office,2025-08-08T12:00:22.605854
257,clock_out,9.0,Arnav Mehta clocked out,"{""timestamp"": ""2025-08-06T13:29:48.487735"", ""time_log_id"": 177, ""duration_hours"": ""0.00""}",2025-08-06 20:29:48.500413,9.0,3.0,West Coast Office,2025-08-08T12:00:22.605854
258,clock_in,1.0,John Doe clocked in,"{""timestamp"": ""2025-08-06T13:32:09.510778"", ""time_log_id"": 178}",2025-08-06 20:32:09.522104,1.0,3.0,West Coast Office,2025-08-08T12:00:22.605854
259,clock_out,1.0,John Doe clocked out,"{""timestamp"": ""2025-08-06T13:34:01.117032"", ""time_log_id"": 178, ""duration_hours"": ""0.03""}",2025-08-06 20:34:01.127991,1.0,3.0,West Coast Office,2025-08-08T12:00:22.605854
260,clock_in,9.0,Arnav Mehta clocked in,"{""timestamp"": ""2025-08-06T13:36:35.633273"", ""time_log_id"": 179}",2025-08-06 20:36:35.644443,9.0,3.0,West Coast Office,2025-08-08T12:00:22.605854
261,clock_out,9.0,Arnav Mehta clocked out,"{""timestamp"": ""2025-08-06T13:36:40.458373"", ""time_log_id"": 179, ""duration_hours"": ""0.00""}",2025-08-06 20:36:40.469933,9.0,3.0,West Coast Office,2025-08-08T12:00:22.605854
262,clock_in,9.0,Arnav Mehta clocked in,"{""timestamp"": ""2025-08-06T13:37:32.479929"", ""time_log_id"": 179}",2025-08-06 20:37:32.491663,9.0,3.0,West Coast Office,2025-08-08T12:00:22.605854
263,clock_out,9.0,Arnav Mehta clocked out,"{""timestamp"": ""2025-08-06T13:37:34.381000"", ""time_log_id"": 179, ""duration_hours"": ""0.00""}",2025-08-06 20:37:34.394688,9.0,3.0,West Coast Office,2025-08-08T12:00:22.605854
264,clock_in,1.0,John Doe clocked in,"{""timestamp"": ""2025-08-06T13:38:30.421326"", ""time_log_id"": 180}",2025-08-06 20:38:30.431563,1.0,3.0,West Coast Office,2025-08-08T12:00:22.605854
265,clock_in,9.0,Arnav Mehta clocked in,"{""timestamp"": ""2025-08-06T13:50:26.025102"", ""time_log_id"": 181}",2025-08-06 20:50:26.034159,9.0,3.0,West Coast Office,2025-08-08T12:00:22.605854
266,clock_out,9.0,Arnav Mehta clocked out,"{""timestamp"": ""2025-08-06T13:50:30.696429"", ""time_log_id"": 181, ""duration_hours"": ""0.00""}",2025-08-06 20:50:30.709279,9.0,3.0,West Coast Office,2025-08-08T12:00:22.605854
267,clock_in,1.0,John Doe clocked in,"{""timestamp"": ""2025-08-07T11:00:41.148218"", ""time_log_id"": 182}",2025-08-07 18:00:41.159494,1.0,3.0,West Coast Office,2025-08-08T12:00:22.605854
268,system_startup,,Database setup completed successfully,"{""config_env"": ""default"", ""database_url"": ""sqlite:///stes.db"", ""timestamp"": ""2025-08-07T11:03:12.103603""}",2025-08-07 18:03:12.108427,,1.0,Main Office,2025-08-08T12:00:22.605854
269,system_startup,,System started successfully,"{""timestamp"": ""2025-08-07T11:03:13.021548"", ""source"": ""sample_data_generator""}",2025-08-07 18:03:13.022248,,1.0,Main Office,2025-08-08T12:00:22.605854
270,face_detected,,Face detected in video stream,"{""timestamp"": ""2025-08-07T11:03:13.032574"", ""source"": ""sample_data_generator""}",2025-08-07 18:03:13.032879,,1.0,Main Office,2025-08-08T12:00:22.605854
271,employee_registered,,New employee registered,"{""timestamp"": ""2025-08-07T11:03:13.039876"", ""source"": ""sample_data_generator""}",2025-08-07 18:03:13.040155,,1.0,Main Office,2025-08-08T12:00:22.605854
272,clock_in,,Employee clocked in,"{""timestamp"": ""2025-08-07T11:03:13.047231"", ""source"": ""sample_data_generator""}",2025-08-07 18:03:13.047524,,1.0,Main Office,2025-08-08T12:00:22.605854
273,clock_out,,Employee clocked out,"{""timestamp"": ""2025-08-07T11:03:13.054168"", ""source"": ""sample_data_generator""}",2025-08-07 18:03:13.054447,,1.0,Main Office,2025-08-08T12:00:22.605854
274,error,,Camera connection lost,"{""timestamp"": ""2025-08-07T11:03:13.061183"", ""source"": ""sample_data_generator""}",2025-08-07 18:03:13.061461,,1.0,Main Office,2025-08-08T12:00:22.605854
275,system_shutdown,,System shutdown initiated,"{""timestamp"": ""2025-08-07T11:03:13.068236"", ""source"": ""sample_data_generator""}",2025-08-07 18:03:13.068515,,1.0,Main Office,2025-08-08T12:00:22.605854
276,clock_in,9.0,Arnav Mehta clocked in,"{""timestamp"": ""2025-08-07T11:03:33.578951"", ""time_log_id"": 190}",2025-08-07 18:03:33.599171,9.0,3.0,West Coast Office,2025-08-08T12:00:22.605854
277,clock_out,9.0,Arnav Mehta clocked out,"{""timestamp"": ""2025-08-07T11:03:36.603598"", ""time_log_id"": 190, ""duration_hours"": ""0.00""}",2025-08-07 18:03:36.622750,9.0,3.0,West Coast Office,2025-08-08T12:00:22.605854
278,system_startup,,Database setup completed successfully,"{""config_env"": ""default"", ""database_url"": ""sqlite:///stes.db"", ""timestamp"": ""2025-08-07T21:57:44.641637""}",2025-08-08 04:57:44.645923,,1.0,Main Office,2025-08-08T12:00:22.605854
279,system_startup,,System started successfully,"{""timestamp"": ""2025-08-07T21:57:45.437422"", ""source"": ""sample_data_generator""}",2025-08-08 04:57:45.438369,,1.0,Main Office,2025-08-08T12:00:22.605854
280,face_detected,,Face detected in video stream,"{""timestamp"": ""2025-08-07T21:57:45.446614"", ""source"": ""sample_data_generator""}",2025-08-08 04:57:45.446875,,1.0,Main Office,2025-08-08T12:00:22.605854
281,employee_registered,,New employee registered,"{""timestamp"": ""2025-08-07T21:57:45.456172"", ""source"": ""sample_data_generator""}",2025-08-08 04:57:45.456471,,1.0,Main Office,2025-08-08T12:00:22.605854
282,clock_in,,Employee clocked in,"{""timestamp"": ""2025-08-07T21:57:45.463586"", ""source"": ""sample_data_generator""}",2025-08-08 04:57:45.463852,,1.0,Main Office,2025-08-08T12:00:22.605854
283,clock_out,,Employee clocked out,"{""timestamp"": ""2025-08-07T21:57:45.470622"", ""source"": ""sample_data_generator""}",2025-08-08 04:57:45.470877,,1.0,Main Office,2025-08-08T12:00:22.605854
284,error,,Camera connection lost,"{""timestamp"": ""2025-08-07T21:57:45.477494"", ""source"": ""sample_data_generator""}",2025-08-08 04:57:45.477726,,1.0,Main Office,2025-08-08T12:00:22.605854
285,system_shutdown,,System shutdown initiated,"{""timestamp"": ""2025-08-07T21:57:45.484594"", ""source"": ""sample_data_generator""}",2025-08-08 04:57:45.484807,,1.0,Main Office,2025-08-08T12:00:22.605854
286,clock_in,9.0,Arnav Mehta clocked in,"{""timestamp"": ""2025-08-07T21:58:11.250386"", ""time_log_id"": 190}",2025-08-08 04:58:11.264494,9.0,3.0,West Coast Office,2025-08-08T12:00:22.605854
287,clock_out,9.0,Arnav Mehta clocked out,"{""timestamp"": ""2025-08-07T21:58:13.685682"", ""time_log_id"": 190, ""duration_hours"": ""0.00""}",2025-08-08 04:58:13.709398,9.0,3.0,West Coast Office,2025-08-08T12:00:22.605854
288,system_startup,,Database setup completed successfully,"{""config_env"": ""default"", ""database_url"": ""sqlite:///stes.db"", ""timestamp"": ""2025-08-08T10:12:41.187930""}",2025-08-08 17:12:41.193032,,1.0,Main Office,2025-08-08T12:00:22.605854
289,system_startup,,System started successfully,"{""timestamp"": ""2025-08-08T10:12:42.118520"", ""source"": ""sample_data_generator""}",2025-08-08 17:12:42.119309,,1.0,Main Office,2025-08-08T12:00:22.605854
290,face_detected,,Face detected in video stream,"{""timestamp"": ""2025-08-08T10:12:42.126532"", ""source"": ""sample_data_generator""}",2025-08-08 17:12:42.126909,,1.0,Main Office,2025-08-08T12:00:22.605854
291,employee_registered,,New employee registered,"{""timestamp"": ""2025-08-08T10:12:42.134119"", ""source"": ""sample_data_generator""}",2025-08-08 17:12:42.134417,,1.0,Main Office,2025-08-08T12:00:22.605854
292,clock_in,,Employee clocked in,"{""timestamp"": ""2025-08-08T10:12:42.142243"", ""source"": ""sample_data_generator""}",2025-08-08 17:12:42.142552,,1.0,Main Office,2025-08-08T12:00:22.605854
293,clock_out,,Employee clocked out,"{""timestamp"": ""2025-08-08T10:12:42.149814"", ""source"": ""sample_data_generator""}",2025-08-08 17:12:42.150114,,1.0,Main Office,2025-08-08T12:00:22.605854
294,error,,Camera connection lost,"{""timestamp"": ""2025-08-08T10:12:42.157235"", ""source"": ""sample_data_generator""}",2025-08-08 17:12:42.157567,,1.0,Main Office,2025-08-08T12:00:22.605854
295,system_shutdown,,System shutdown initiated,"{""timestamp"": ""2025-08-08T10:12:42.165086"", ""source"": ""sample_data_generator""}",2025-08-08 17:12:42.165394,,1.0,Main Office,2025-08-08T12:00:22.605854
296,clock_in,9.0,Arnav Mehta clocked in,"{""timestamp"": ""2025-08-08T10:13:03.435884"", ""time_log_id"": 199}",2025-08-08 17:13:03.448090,9.0,3.0,West Coast Office,2025-08-08T12:00:22.605854
297,clock_out,9.0,Arnav Mehta clocked out,"{""timestamp"": ""2025-08-08T10:13:11.330236"", ""time_log_id"": 199, ""duration_hours"": ""0.00""}",2025-08-08 17:13:11.345644,9.0,3.0,West Coast Office,2025-08-08T12:00:22.605854
298,clock_in,9.0,Arnav Mehta clocked in,"{""timestamp"": ""2025-08-08T11:05:52.211810"", ""time_log_id"": 199}",2025-08-08 18:05:52.227321,9.0,3.0,West Coast Office,2025-08-08T12:00:22.605854
299,clock_out,9.0,Arnav Mehta clocked out,"{""timestamp"": ""2025-08-08T11:05:57.059064"", ""time_log_id"": 199, ""duration_hours"": ""0.00""}",2025-08-08 18:05:57.074235,9.0,3.0,West Coast Office,2025-08-08T12:00:22.605854
300,clock_in,9.0,Arnav Mehta clocked in,"{""timestamp"": ""2025-08-08T11:14:50.238189"", ""time_log_id"": 201}",2025-08-08 18:14:50.249425,9.0,3.0,West Coast Office,2025-08-08T12:00:22.605854
301,clock_out,9.0,Arnav Mehta clocked out,"{""timestamp"": ""2025-08-08T11:14:51.329999"", ""time_log_id"": 201, ""duration_hours"": ""0.00""}",2025-08-08 18:14:51.343904,9.0,3.0,West Coast Office,2025-08-08T12:00:22.605854
302,system_startup,,Database setup completed successfully,"{""config_env"": ""default"", ""database_url"": ""sqlite:///stes.db"", ""timestamp"": ""2025-08-08T11:23:31.194183""}",2025-08-08 18:23:31.198775,,1.0,Main Office,2025-08-08T12:00:22.605854
303,system_startup,,System started successfully,"{""timestamp"": ""2025-08-08T11:23:31.914666"", ""source"": ""sample_data_generator""}",2025-08-08 18:23:31.915573,,1.0,Main Office,2025-08-08T12:00:22.605854
304,face_detected,,Face detected in video stream,"{""timestamp"": ""2025-08-08T11:23:31.923848"", ""source"": ""sample_data_generator""}",2025-08-08 18:23:31.924138,,1.0,Main Office,2025-08-08T12:00:22.605854
305,employee_registered,,New employee registered,"{""timestamp"": ""2025-08-08T11:23:31.930918"", ""source"": ""sample_data_generator""}",2025-08-08 18:23:31.931149,,1.0,Main Office,2025-08-08T12:00:22.605854
306,clock_in,,Employee clocked in,"{""timestamp"": ""2025-08-08T11:23:31.937835"", ""source"": ""sample_data_generator""}",2025-08-08 18:23:31.938045,,1.0,Main Office,2025-08-08T12:00:22.605854
307,clock_out,,Employee clocked out,"{""timestamp"": ""2025-08-08T11:23:31.944847"", ""source"": ""sample_data_generator""}",2025-08-08 18:23:31.945062,,1.0,Main Office,2025-08-08T12:00:22.605854
308,error,,Camera connection lost,"{""timestamp"": ""2025-08-08T11:23:31.951784"", ""source"": ""sample_data_generator""}",2025-08-08 18:23:31.952017,,1.0,Main Office,2025-08-08T12:00:22.605854
309,system_shutdown,,System shutdown initiated,"{""timestamp"": ""2025-08-08T11:23:31.958649"", ""source"": ""sample_data_generator""}",2025-08-08 18:23:31.958852,,1.0,Main Office,2025-08-08T12:00:22.605854
310,clock_in,9.0,Arnav Mehta clocked in,"{""timestamp"": ""2025-08-08T11:24:03.315014"", ""time_log_id"": 201}",2025-08-08 18:24:03.327653,9.0,3.0,West Coast Office,2025-08-08T12:00:22.605854
311,clock_out,9.0,Arnav Mehta clocked out,"{""timestamp"": ""2025-08-08T11:24:08.747312"", ""time_log_id"": 201, ""duration_hours"": ""0.00""}",2025-08-08 18:24:08.772637,9.0,3.0,West Coast Office,2025-08-08T12:00:22.605854
312,clock_in,9.0,Arnav Mehta clocked in,"{""timestamp"": ""2025-08-08T11:32:58.208479"", ""time_log_id"": 203}",2025-08-08 18:32:58.221220,9.0,3.0,West Coast Office,2025-08-08T12:00:22.605854
313,clock_out,9.0,Arnav Mehta clocked out,"{""timestamp"": ""2025-08-08T11:33:00.577243"", ""time_log_id"": 203, ""duration_hours"": ""0.00""}",2025-08-08 18:33:00.593289,9.0,3.0,West Coast Office,2025-08-08T12:00:22.605854
314,clock_in,9.0,Arnav Mehta clocked in,"{""timestamp"": ""2025-08-08T11:41:27.266125"", ""time_log_id"": 207}",2025-08-08 18:41:27.275839,9.0,3.0,West Coast Office,2025-08-08T12:00:22.605854
315,clock_out,9.0,Arnav Mehta clocked out,"{""timestamp"": ""2025-08-08T11:41:29.481672"", ""time_log_id"": 207, ""duration_hours"": ""0.00""}",2025-08-08 18:41:29.494104,9.0,3.0,West Coast Office,2025-08-08T12:00:22.605854
316,system_startup,,Database setup completed successfully,"{""config_env"": ""default"", ""database_url"": ""sqlite:///stes.db"", ""timestamp"": ""2025-08-08T11:57:12.958270""}",2025-08-08 18:57:12.962469,,1.0,Main Office,2025-08-08T12:00:22.605854
317,system_startup,,System started successfully,"{""timestamp"": ""2025-08-08T11:57:13.657472"", ""source"": ""sample_data_generator""}",2025-08-08 18:57:13.658490,,1.0,Main Office,2025-08-08T12:00:22.605854
318,face_detected,,Face detected in video stream,"{""timestamp"": ""2025-08-08T11:57:13.666027"", ""source"": ""sample_data_generator""}",2025-08-08 18:57:13.666336,,1.0,Main Office,2025-08-08T12:00:22.605854
319,employee_registered,,New employee registered,"{""timestamp"": ""2025-08-08T11:57:13.673446"", ""source"": ""sample_data_generator""}",2025-08-08 18:57:13.673700,,1.0,Main Office,2025-08-08T12:00:22.605854
320,clock_in,,Employee clocked in,"{""timestamp"": ""2025-08-08T11:57:13.680950"", ""source"": ""sample_data_generator""}",2025-08-08 18:57:13.681181,,1.0,Main Office,2025-08-08T12:00:22.605854
321,clock_out,,Employee clocked out,"{""timestamp"": ""2025-08-08T11:57:13.687962"", ""source"": ""sample_data_generator""}",2025-08-08 18:57:13.688205,,1.0,Main Office,2025-08-08T12:00:22.605854
322,error,,Camera connection lost,"{""timestamp"": ""2025-08-08T11:57:13.695005"", ""source"": ""sample_data_generator""}",2025-08-08 18:57:13.695294,,1.0,Main Office,2025-08-08T12:00:22.605854
323,system_shutdown,,System shutdown initiated,"{""timestamp"": ""2025-08-08T11:57:13.702305"", ""source"": ""sample_data_generator""}",2025-08-08 18:57:13.702546,,1.0,Main Office,2025-08-08T12:00:22.605854
324,clock_in,9.0,Arnav Mehta clocked in,"{""timestamp"": ""2025-08-08T11:57:34.413801"", ""time_log_id"": 207}",2025-08-08 18:57:34.428019,9.0,3.0,West Coast Office,2025-08-08T12:00:22.605854
325,clock_out,9.0,Arnav Mehta clocked out,"{""timestamp"": ""2025-08-08T11:57:35.544116"", ""time_log_id"": 207, ""duration_hours"": ""0.00""}",2025-08-08 18:57:35.560813,9.0,3.0,West Coast Office,2025-08-08T12:00:22.605854
326,clock_in,9.0,Arnav Mehta clocked in,"{""timestamp"": ""2025-08-08T12:00:17.302839"", ""time_log_id"": 207}",2025-08-08 19:00:17.318153,9.0,3.0,West Coast Office,2025-08-08T12:00:22.605854
327,clock_out,9.0,Arnav Mehta clocked out,"{""timestamp"": ""2025-08-08T12:00:20.666648"", ""time_log_id"": 207, ""duration_hours"": ""0.00""}",2025-08-08 19:00:20.681031,9.0,3.0,West Coast Office,2025-08-08T12:00:22.605854
